<?xml version="1.0" encoding="UTF-8"?>
<addon id="repository.internetvprazecreator"
       name="InternetVPraze - Kodi Repository"
       version="1.0.0"
       provider-name="internetvpraze-creator">
  <extension point="xbmc.addon.repository" name="InternetVPraze - Kodi Repository">
    <dir>
      <info compressed="false">https://internetvpraze-creator.github.io/kodi/addons.xml</info>
      <checksum>https://internetvpraze-creator.github.io/kodi/addons.xml.md5</checksum>
      <datadir zip="true">https://internetvpraze-creator.github.io/kodi/</datadir>
    </dir>
  </extension>

  <extension point="xbmc.addon.metadata">
    <summary lang="cs_CZ">Repozitář pro Autoplay Movies</summary>
    <description lang="cs_CZ">Repozitář doplňků: Autoplay Movies Folder (Startup).</description>
    <platform>all</platform>
  </extension>
</addon>
