<?xml version="1.0.1" encoding="UTF-8"?>
<addon id="service.autoplaymovies"
       name="Automaticke prehravani filmu ze slozky"
       version="1.0.0"
       provider-name="SporilovNet">
  <requires>
    <import addon="xbmc.python" version="3.0.0"/>
  </requires>

  <extension point="xbmc.service" library="resources/lib/service.py" start="startup" />

  <extension point="xbmc.addon.metadata">
    <summary lang="cs_CZ">Po startu Kodi automaticky přehraje videa ze složky Movies</summary>
    <description lang="cs_CZ">Servisní doplněk: vezme všechna videa ze /storage/emulated/0/Movies, vytvoří playlist, spustí a zapne opakování...doufám</description>
    <platform>all</platform>
  </extension>
</addon>
