<?xml version="1.0.4" encoding="UTF-8"?>
<addon id="service.autoplaymovies"
       name="Automaticke prehravani filmu ze slozky"
       version="1.0.3"
       provider-name="SporilovNet">
  <requires>
    <import addon="xbmc.python" version="3.0.0"/>
  </requires>

  <extension point="xbmc.service" library="resources/lib/service.py" start="startup" />

  <extension point="xbmc.addon.metadata">
    <summary lang="cs_CZ">Po startu Kodi automaticky přehraje videa ze složky Movies</summary>
    <description lang="cs_CZ">Po startu Kodi, doplněk načte videa ze zvolené složky a spustí nekonečnou smyčku přehrávání.

Internet v Praze jedině od SpořilovNet. :-)</description>
    <assets>
      <icon>icon.png</icon>
      <fanart>fanart.jpg</fanart>
    </assets>
    <platform>all</platform>
  </extension>
</addon>
